Category,Question,Answer,,,,,,,
General Information,What is Rentwee?,"An app for finding and renting rooms, apartments, and other accommodations.",,,,,,,
General Information,Can you tell me about what is rentwee?,"An app for finding and renting rooms, apartments, and other accommodations.",,,,,,,
General Information,Can you tell me about what is rentwee?,"An app for finding and renting rooms, apartments, and other accommodations.",,,,,,,
General Information,How can I what is rentwee?,"An app for finding and renting rooms, apartments, and other accommodations.",,,,,,,
General Information,What about what is rentwee?,"An app for finding and renting rooms, apartments, and other accommodations.",,,,,,,
General Information,How can I what is rentwee?,"An app for finding and renting rooms, apartments, and other accommodations.",,,,,,,
General Information,What about what is rentwee?,"An app for finding and renting rooms, apartments, and other accommodations.",,,,,,,
General Information,Can you tell me about what is rentwee?,"An app for finding and renting rooms, apartments, and other accommodations.",,,,,,,
General Information,Can you tell me about what is rentwee?,"An app for finding and renting rooms, apartments, and other accommodations.",,,,,,,
General Information,Can you tell me about what is rentwee?,"An app for finding and renting rooms, apartments, and other accommodations.",,,,,,,
General Information,What about what is rentwee?,"An app for finding and renting rooms, apartments, and other accommodations.",,,,,,,
General Information,What is the main purpose of this application?,To connect property owners with tenants and simplify the rental process.,,,,,,,
General Information,What about what is the main purpose of this application?,To connect property owners with tenants and simplify the rental process.,,,,,,,
General Information,What about what is the main purpose of this application?,To connect property owners with tenants and simplify the rental process.,,,,,,,
General Information,Where can I find what is the main purpose of this application?,To connect property owners with tenants and simplify the rental process.,,,,,,,
General Information,Where can I find what is the main purpose of this application?,To connect property owners with tenants and simplify the rental process.,,,,,,,
General Information,How can I what is the main purpose of this application?,To connect property owners with tenants and simplify the rental process.,,,,,,,
General Information,I have a question about what is the main purpose of this application.,To connect property owners with tenants and simplify the rental process.,,,,,,,
General Information,What about what is the main purpose of this application?,To connect property owners with tenants and simplify the rental process.,,,,,,,
General Information,Can you tell me about what is the main purpose of this application?,To connect property owners with tenants and simplify the rental process.,,,,,,,
General Information,I have a question about what is the main purpose of this application.,To connect property owners with tenants and simplify the rental process.,,,,,,,
General Information,Can you tell me about what is the main purpose of this application?,To connect property owners with tenants and simplify the rental process.,,,,,,,
General Information,Who can use Rentwee?,Anyone looking to rent a property or list a property for rent.,,,,,,,
General Information,I have a question about who can use rentwee.,Anyone looking to rent a property or list a property for rent.,,,,,,,
General Information,Can you tell me about who can use rentwee?,Anyone looking to rent a property or list a property for rent.,,,,,,,
General Information,Can you tell me about who can use rentwee?,Anyone looking to rent a property or list a property for rent.,,,,,,,
General Information,Where can I find who can use rentwee?,Anyone looking to rent a property or list a property for rent.,,,,,,,
General Information,Where can I find who can use rentwee?,Anyone looking to rent a property or list a property for rent.,,,,,,,
General Information,I have a question about who can use rentwee.,Anyone looking to rent a property or list a property for rent.,,,,,,,
General Information,I have a question about who can use rentwee.,Anyone looking to rent a property or list a property for rent.,,,,,,,
General Information,How can I who can use rentwee?,Anyone looking to rent a property or list a property for rent.,,,,,,,
General Information,How can I who can use rentwee?,Anyone looking to rent a property or list a property for rent.,,,,,,,
General Information,I have a question about who can use rentwee.,Anyone looking to rent a property or list a property for rent.,,,,,,,
General Information,What are the core features of Rentwee?,"Searching for properties, filtering results, creating listings, and direct chat.",,,,,,,
General Information,Can you tell me about what are the core features of rentwee?,"Searching for properties, filtering results, creating listings, and direct chat.",,,,,,,
General Information,What about what are the core features of rentwee?,"Searching for properties, filtering results, creating listings, and direct chat.",,,,,,,
General Information,What about what are the core features of rentwee?,"Searching for properties, filtering results, creating listings, and direct chat.",,,,,,,
General Information,What about what are the core features of rentwee?,"Searching for properties, filtering results, creating listings, and direct chat.",,,,,,,
General Information,I have a question about what are the core features of rentwee.,"Searching for properties, filtering results, creating listings, and direct chat.",,,,,,,
General Information,Where can I find what are the core features of rentwee?,"Searching for properties, filtering results, creating listings, and direct chat.",,,,,,,
General Information,What about what are the core features of rentwee?,"Searching for properties, filtering results, creating listings, and direct chat.",,,,,,,
General Information,Where can I find what are the core features of rentwee?,"Searching for properties, filtering results, creating listings, and direct chat.",,,,,,,
General Information,Can you tell me about what are the core features of rentwee?,"Searching for properties, filtering results, creating listings, and direct chat.",,,,,,,
General Information,How can I what are the core features of rentwee?,"Searching for properties, filtering results, creating listings, and direct chat.",,,,,,,
General Information,Is the app free to download and use?,"Yes, basic use is free. Optional paid features are available.",,,,,,,
General Information,How can I is the app free to download and use?,"Yes, basic use is free. Optional paid features are available.",,,,,,,
General Information,How can I is the app free to download and use?,"Yes, basic use is free. Optional paid features are available.",,,,,,,
General Information,What about is the app free to download and use?,"Yes, basic use is free. Optional paid features are available.",,,,,,,
General Information,Where can I find is the app free to download and use?,"Yes, basic use is free. Optional paid features are available.",,,,,,,
General Information,I have a question about is the app free to download and use.,"Yes, basic use is free. Optional paid features are available.",,,,,,,
General Information,How can I is the app free to download and use?,"Yes, basic use is free. Optional paid features are available.",,,,,,,
General Information,Can you tell me about is the app free to download and use?,"Yes, basic use is free. Optional paid features are available.",,,,,,,
General Information,Where can I find is the app free to download and use?,"Yes, basic use is free. Optional paid features are available.",,,,,,,
General Information,I have a question about is the app free to download and use.,"Yes, basic use is free. Optional paid features are available.",,,,,,,
General Information,What about is the app free to download and use?,"Yes, basic use is free. Optional paid features are available.",,,,,,,
General Information,On which platforms is Rentwee available?,The app appears to be available on both iOS and Android.,,,,,,,
General Information,What about on which platforms is rentwee available?,The app appears to be available on both iOS and Android.,,,,,,,
General Information,I have a question about on which platforms is rentwee available.,The app appears to be available on both iOS and Android.,,,,,,,
General Information,Can you tell me about on which platforms is rentwee available?,The app appears to be available on both iOS and Android.,,,,,,,
General Information,I have a question about on which platforms is rentwee available.,The app appears to be available on both iOS and Android.,,,,,,,
General Information,What about on which platforms is rentwee available?,The app appears to be available on both iOS and Android.,,,,,,,
General Information,How can I on which platforms is rentwee available?,The app appears to be available on both iOS and Android.,,,,,,,
General Information,Can you tell me about on which platforms is rentwee available?,The app appears to be available on both iOS and Android.,,,,,,,
General Information,What about on which platforms is rentwee available?,The app appears to be available on both iOS and Android.,,,,,,,
General Information,I have a question about on which platforms is rentwee available.,The app appears to be available on both iOS and Android.,,,,,,,
General Information,What about on which platforms is rentwee available?,The app appears to be available on both iOS and Android.,,,,,,,
Account Management,How do I get started with the app?,"Create an account by signing up with your email, Google, or Apple ID.",,,,,,,
Account Management,Can you tell me about how to get started with the app?,"Create an account by signing up with your email, Google, or Apple ID.",,,,,,,
Account Management,I have a question about how to get started with the app.,"Create an account by signing up with your email, Google, or Apple ID.",,,,,,,
Account Management,How can I how to get started with the app?,"Create an account by signing up with your email, Google, or Apple ID.",,,,,,,
Account Management,What about how to get started with the app?,"Create an account by signing up with your email, Google, or Apple ID.",,,,,,,
Account Management,I have a question about how to get started with the app.,"Create an account by signing up with your email, Google, or Apple ID.",,,,,,,
Account Management,Can you tell me about how to get started with the app?,"Create an account by signing up with your email, Google, or Apple ID.",,,,,,,
Account Management,I have a question about how to get started with the app.,"Create an account by signing up with your email, Google, or Apple ID.",,,,,,,
Account Management,Where can I find how to get started with the app?,"Create an account by signing up with your email, Google, or Apple ID.",,,,,,,
Account Management,What about how to get started with the app?,"Create an account by signing up with your email, Google, or Apple ID.",,,,,,,
Account Management,What about how to get started with the app?,"Create an account by signing up with your email, Google, or Apple ID.",,,,,,,
General Information,Is Rentwee available in all countries?,"It's available wherever you set your location, either by zip code or current location.",,,,,,,
General Information,How can I is rentwee available in all countries?,"It's available wherever you set your location, either by zip code or current location.",,,,,,,
General Information,Can you tell me about is rentwee available in all countries?,"It's available wherever you set your location, either by zip code or current location.",,,,,,,
General Information,Can you tell me about is rentwee available in all countries?,"It's available wherever you set your location, either by zip code or current location.",,,,,,,
General Information,I have a question about is rentwee available in all countries.,"It's available wherever you set your location, either by zip code or current location.",,,,,,,
General Information,What about is rentwee available in all countries?,"It's available wherever you set your location, either by zip code or current location.",,,,,,,
General Information,What about is rentwee available in all countries?,"It's available wherever you set your location, either by zip code or current location.",,,,,,,
General Information,Where can I find is rentwee available in all countries?,"It's available wherever you set your location, either by zip code or current location.",,,,,,,
General Information,How can I is rentwee available in all countries?,"It's available wherever you set your location, either by zip code or current location.",,,,,,,
General Information,I have a question about is rentwee available in all countries.,"It's available wherever you set your location, either by zip code or current location.",,,,,,,
General Information,Can you tell me about is rentwee available in all countries?,"It's available wherever you set your location, either by zip code or current location.",,,,,,,
Account Management,How do I create a new account?,Click 'Sign Up' and follow the on-screen instructions.,,,,,,,
Account Management,What about how to create a new account?,Click 'Sign Up' and follow the on-screen instructions.,,,,,,,
Account Management,I have a question about how to create a new account.,Click 'Sign Up' and follow the on-screen instructions.,,,,,,,
Account Management,Can you tell me about how to create a new account?,Click 'Sign Up' and follow the on-screen instructions.,,,,,,,
Account Management,Where can I find how to create a new account?,Click 'Sign Up' and follow the on-screen instructions.,,,,,,,
Account Management,What about how to create a new account?,Click 'Sign Up' and follow the on-screen instructions.,,,,,,,
Account Management,I have a question about how to create a new account.,Click 'Sign Up' and follow the on-screen instructions.,,,,,,,
Account Management,Can you tell me about how to create a new account?,Click 'Sign Up' and follow the on-screen instructions.,,,,,,,
Account Management,Where can I find how to create a new account?,Click 'Sign Up' and follow the on-screen instructions.,,,,,,,
Account Management,Where can I find how to create a new account?,Click 'Sign Up' and follow the on-screen instructions.,,,,,,,
Account Management,I have a question about how to create a new account.,Click 'Sign Up' and follow the on-screen instructions.,,,,,,,
Account Management,Can I sign up using my Google or Apple account?,"Yes, both options are available on the login screen.",,,,,,,
Account Management,What about can i sign up using my google or apple account?,"Yes, both options are available on the login screen.",,,,,,,
Account Management,What about can i sign up using my google or apple account?,"Yes, both options are available on the login screen.",,,,,,,
Account Management,What about can i sign up using my google or apple account?,"Yes, both options are available on the login screen.",,,,,,,
Account Management,How can I can i sign up using my google or apple account?,"Yes, both options are available on the login screen.",,,,,,,
Account Management,Where can I find can i sign up using my google or apple account?,"Yes, both options are available on the login screen.",,,,,,,
Account Management,What about can i sign up using my google or apple account?,"Yes, both options are available on the login screen.",,,,,,,
Account Management,I have a question about can i sign up using my google or apple account.,"Yes, both options are available on the login screen.",,,,,,,
Account Management,How can I can i sign up using my google or apple account?,"Yes, both options are available on the login screen.",,,,,,,
Account Management,Where can I find can i sign up using my google or apple account?,"Yes, both options are available on the login screen.",,,,,,,
Account Management,Can you tell me about can i sign up using my google or apple account?,"Yes, both options are available on the login screen.",,,,,,,
Account Management,What information is required to register?,"An email address and password, or a social media account.",,,,,,,
Account Management,I have a question about what information is required to register.,"An email address and password, or a social media account.",,,,,,,
Account Management,I have a question about what information is required to register.,"An email address and password, or a social media account.",,,,,,,
Account Management,What about what information is required to register?,"An email address and password, or a social media account.",,,,,,,
Account Management,I have a question about what information is required to register.,"An email address and password, or a social media account.",,,,,,,
Account Management,Where can I find what information is required to register?,"An email address and password, or a social media account.",,,,,,,
Account Management,What about what information is required to register?,"An email address and password, or a social media account.",,,,,,,
Account Management,What about what information is required to register?,"An email address and password, or a social media account.",,,,,,,
Account Management,How can I what information is required to register?,"An email address and password, or a social media account.",,,,,,,
Account Management,Can you tell me about what information is required to register?,"An email address and password, or a social media account.",,,,,,,
Account Management,Where can I find what information is required to register?,"An email address and password, or a social media account.",,,,,,,
Account Management,How do I log in to my account?,Enter your email and password on the login screen.,,,,,,,
Account Management,How can I how to log in to my account?,Enter your email and password on the login screen.,,,,,,,
Account Management,What about how to log in to my account?,Enter your email and password on the login screen.,,,,,,,
Account Management,How can I how to log in to my account?,Enter your email and password on the login screen.,,,,,,,
Account Management,I have a question about how to log in to my account.,Enter your email and password on the login screen.,,,,,,,
Account Management,Where can I find how to log in to my account?,Enter your email and password on the login screen.,,,,,,,
Account Management,Can you tell me about how to log in to my account?,Enter your email and password on the login screen.,,,,,,,
Account Management,I have a question about how to log in to my account.,Enter your email and password on the login screen.,,,,,,,
Account Management,Where can I find how to log in to my account?,Enter your email and password on the login screen.,,,,,,,
Account Management,How can I how to log in to my account?,Enter your email and password on the login screen.,,,,,,,
Account Management,What about how to log in to my account?,Enter your email and password on the login screen.,,,,,,,
Account Management,I forgot my password; how can I reset it?,Click 'Forgot Password?' and follow the instructions.,,,,,,,
Account Management,Can you tell me about i forgot my password; how can i reset it?,Click 'Forgot Password?' and follow the instructions.,,,,,,,
Account Management,I have a question about i forgot my password; how can i reset it.,Click 'Forgot Password?' and follow the instructions.,,,,,,,
Account Management,Where can I find i forgot my password; how can i reset it?,Click 'Forgot Password?' and follow the instructions.,,,,,,,
Account Management,Where can I find i forgot my password; how can i reset it?,Click 'Forgot Password?' and follow the instructions.,,,,,,,
Account Management,Can you tell me about i forgot my password; how can i reset it?,Click 'Forgot Password?' and follow the instructions.,,,,,,,
Account Management,How can I i forgot my password; how can i reset it?,Click 'Forgot Password?' and follow the instructions.,,,,,,,
Account Management,How can I i forgot my password; how can i reset it?,Click 'Forgot Password?' and follow the instructions.,,,,,,,
Account Management,Can you tell me about i forgot my password; how can i reset it?,Click 'Forgot Password?' and follow the instructions.,,,,,,,
Account Management,I have a question about i forgot my password; how can i reset it.,Click 'Forgot Password?' and follow the instructions.,,,,,,,
Account Management,Where can I find i forgot my password; how can i reset it?,Click 'Forgot Password?' and follow the instructions.,,,,,,,
Account Management,How do I change my password?,Go to your 'Profile' and select the 'Change Password' option.,,,,,,,
Account Management,What about how to change my password?,Go to your 'Profile' and select the 'Change Password' option.,,,,,,,
Account Management,What about how to change my password?,Go to your 'Profile' and select the 'Change Password' option.,,,,,,,
Account Management,How can I how to change my password?,Go to your 'Profile' and select the 'Change Password' option.,,,,,,,
Account Management,Can you tell me about how to change my password?,Go to your 'Profile' and select the 'Change Password' option.,,,,,,,
Account Management,Where can I find how to change my password?,Go to your 'Profile' and select the 'Change Password' option.,,,,,,,
Account Management,How can I how to change my password?,Go to your 'Profile' and select the 'Change Password' option.,,,,,,,
Account Management,How can I how to change my password?,Go to your 'Profile' and select the 'Change Password' option.,,,,,,,
Account Management,How can I how to change my password?,Go to your 'Profile' and select the 'Change Password' option.,,,,,,,
Account Management,I have a question about how to change my password.,Go to your 'Profile' and select the 'Change Password' option.,,,,,,,
Account Management,Where can I find how to change my password?,Go to your 'Profile' and select the 'Change Password' option.,,,,,,,
Account Management,How do I change my name or other profile details?,You can edit your profile details in the 'Profile' section.,,,,,,,
Account Management,I have a question about how to change my name or other profile details.,You can edit your profile details in the 'Profile' section.,,,,,,,
Account Management,I have a question about how to change my name or other profile details.,You can edit your profile details in the 'Profile' section.,,,,,,,
Account Management,Can you tell me about how to change my name or other profile details?,You can edit your profile details in the 'Profile' section.,,,,,,,
Account Management,I have a question about how to change my name or other profile details.,You can edit your profile details in the 'Profile' section.,,,,,,,
Account Management,Where can I find how to change my name or other profile details?,You can edit your profile details in the 'Profile' section.,,,,,,,
Account Management,What about how to change my name or other profile details?,You can edit your profile details in the 'Profile' section.,,,,,,,
Account Management,Where can I find how to change my name or other profile details?,You can edit your profile details in the 'Profile' section.,,,,,,,
Account Management,How can I how to change my name or other profile details?,You can edit your profile details in the 'Profile' section.,,,,,,,
Account Management,Where can I find how to change my name or other profile details?,You can edit your profile details in the 'Profile' section.,,,,,,,
Account Management,What about how to change my name or other profile details?,You can edit your profile details in the 'Profile' section.,,,,,,,
Account Management,Can I change the language of the app?,"Yes, go to your 'Profile' and select your preferred language.",,,,,,,
Account Management,Can you tell me about can i change the language of the app?,"Yes, go to your 'Profile' and select your preferred language.",,,,,,,
Account Management,I have a question about can i change the language of the app.,"Yes, go to your 'Profile' and select your preferred language.",,,,,,,
Account Management,How can I can i change the language of the app?,"Yes, go to your 'Profile' and select your preferred language.",,,,,,,
Account Management,Where can I find can i change the language of the app?,"Yes, go to your 'Profile' and select your preferred language.",,,,,,,
Account Management,What about can i change the language of the app?,"Yes, go to your 'Profile' and select your preferred language.",,,,,,,
Account Management,What about can i change the language of the app?,"Yes, go to your 'Profile' and select your preferred language.",,,,,,,
Account Management,How can I can i change the language of the app?,"Yes, go to your 'Profile' and select your preferred language.",,,,,,,
Account Management,Can you tell me about can i change the language of the app?,"Yes, go to your 'Profile' and select your preferred language.",,,,,,,
Account Management,I have a question about can i change the language of the app.,"Yes, go to your 'Profile' and select your preferred language.",,,,,,,
Account Management,I have a question about can i change the language of the app.,"Yes, go to your 'Profile' and select your preferred language.",,,,,,,
Account Management,What is the purpose of the 'Log Out' button?,To securely exit your account from the device.,,,,,,,
Account Management,Can you tell me about what is the purpose of the 'log out' button?,To securely exit your account from the device.,,,,,,,
Account Management,I have a question about what is the purpose of the 'log out' button.,To securely exit your account from the device.,,,,,,,
Account Management,I have a question about what is the purpose of the 'log out' button.,To securely exit your account from the device.,,,,,,,
Account Management,How can I what is the purpose of the 'log out' button?,To securely exit your account from the device.,,,,,,,
Account Management,How can I what is the purpose of the 'log out' button?,To securely exit your account from the device.,,,,,,,
Account Management,What about what is the purpose of the 'log out' button?,To securely exit your account from the device.,,,,,,,
Account Management,I have a question about what is the purpose of the 'log out' button.,To securely exit your account from the device.,,,,,,,
Account Management,Where can I find what is the purpose of the 'log out' button?,To securely exit your account from the device.,,,,,,,
Account Management,Can you tell me about what is the purpose of the 'log out' button?,To securely exit your account from the device.,,,,,,,
Account Management,Can you tell me about what is the purpose of the 'log out' button?,To securely exit your account from the device.,,,,,,,
Account Management,How do I change my Zip Code in the app?,Go to your 'Profile' and select the option to 'Change' your Zip Code.,,,,,,,
Account Management,Can you tell me about how to change my zip code in the app?,Go to your 'Profile' and select the option to 'Change' your Zip Code.,,,,,,,
Account Management,How can I how to change my zip code in the app?,Go to your 'Profile' and select the option to 'Change' your Zip Code.,,,,,,,
Account Management,I have a question about how to change my zip code in the app.,Go to your 'Profile' and select the option to 'Change' your Zip Code.,,,,,,,
Account Management,Where can I find how to change my zip code in the app?,Go to your 'Profile' and select the option to 'Change' your Zip Code.,,,,,,,
Account Management,How can I how to change my zip code in the app?,Go to your 'Profile' and select the option to 'Change' your Zip Code.,,,,,,,
Account Management,How can I how to change my zip code in the app?,Go to your 'Profile' and select the option to 'Change' your Zip Code.,,,,,,,
Account Management,What about how to change my zip code in the app?,Go to your 'Profile' and select the option to 'Change' your Zip Code.,,,,,,,
Account Management,Can you tell me about how to change my zip code in the app?,Go to your 'Profile' and select the option to 'Change' your Zip Code.,,,,,,,
Account Management,What about how to change my zip code in the app?,Go to your 'Profile' and select the option to 'Change' your Zip Code.,,,,,,,
Account Management,I have a question about how to change my zip code in the app.,Go to your 'Profile' and select the option to 'Change' your Zip Code.,,,,,,,
Searching & Filtering,How do I search for a room or a hotel?,Use the search bar at the top of the home screen.,,,,,,,
Searching & Filtering,I have a question about how to search for a room or a hotel.,Use the search bar at the top of the home screen.,,,,,,,
Searching & Filtering,What about how to search for a room or a hotel?,Use the search bar at the top of the home screen.,,,,,,,
Searching & Filtering,I have a question about how to search for a room or a hotel.,Use the search bar at the top of the home screen.,,,,,,,
Searching & Filtering,Where can I find how to search for a room or a hotel?,Use the search bar at the top of the home screen.,,,,,,,
Searching & Filtering,How can I how to search for a room or a hotel?,Use the search bar at the top of the home screen.,,,,,,,
Searching & Filtering,What about how to search for a room or a hotel?,Use the search bar at the top of the home screen.,,,,,,,
Searching & Filtering,Where can I find how to search for a room or a hotel?,Use the search bar at the top of the home screen.,,,,,,,
Searching & Filtering,Where can I find how to search for a room or a hotel?,Use the search bar at the top of the home screen.,,,,,,,
Searching & Filtering,I have a question about how to search for a room or a hotel.,Use the search bar at the top of the home screen.,,,,,,,
Searching & Filtering,I have a question about how to search for a room or a hotel.,Use the search bar at the top of the home screen.,,,,,,,
Searching & Filtering,"What is the 'Search for Room, Hotel...' bar used for?",To find specific listings by keywords like location or property type.,,,,,,,
Searching & Filtering,"Can you tell me about what is the 'search for room, hotel...' bar used for?",To find specific listings by keywords like location or property type.,,,,,,,
Searching & Filtering,"I have a question about what is the 'search for room, hotel...' bar used for.",To find specific listings by keywords like location or property type.,,,,,,,
Searching & Filtering,"What about what is the 'search for room, hotel...' bar used for?",To find specific listings by keywords like location or property type.,,,,,,,
Searching & Filtering,"What about what is the 'search for room, hotel...' bar used for?",To find specific listings by keywords like location or property type.,,,,,,,
Searching & Filtering,"How can I what is the 'search for room, hotel...' bar used for?",To find specific listings by keywords like location or property type.,,,,,,,
Searching & Filtering,"Can you tell me about what is the 'search for room, hotel...' bar used for?",To find specific listings by keywords like location or property type.,,,,,,,
Searching & Filtering,"What about what is the 'search for room, hotel...' bar used for?",To find specific listings by keywords like location or property type.,,,,,,,
Searching & Filtering,"Where can I find what is the 'search for room, hotel...' bar used for?",To find specific listings by keywords like location or property type.,,,,,,,
Searching & Filtering,"How can I what is the 'search for room, hotel...' bar used for?",To find specific listings by keywords like location or property type.,,,,,,,
Searching & Filtering,"How can I what is the 'search for room, hotel...' bar used for?",To find specific listings by keywords like location or property type.,,,,,,,
Searching & Filtering,"What is the difference between 'All,' 'Nearby,' and 'Popular' tabs?","'All' shows all listings, 'Nearby' shows local ones, and 'Popular' shows high-view listings.",,,,,,,
Searching & Filtering,"Can you tell me about what is the difference between 'all,' 'nearby,' and 'popular' tabs?","'All' shows all listings, 'Nearby' shows local ones, and 'Popular' shows high-view listings.",,,,,,,
Searching & Filtering,"How can I what is the difference between 'all,' 'nearby,' and 'popular' tabs?","'All' shows all listings, 'Nearby' shows local ones, and 'Popular' shows high-view listings.",,,,,,,
Searching & Filtering,"How can I what is the difference between 'all,' 'nearby,' and 'popular' tabs?","'All' shows all listings, 'Nearby' shows local ones, and 'Popular' shows high-view listings.",,,,,,,
Searching & Filtering,"Where can I find what is the difference between 'all,' 'nearby,' and 'popular' tabs?","'All' shows all listings, 'Nearby' shows local ones, and 'Popular' shows high-view listings.",,,,,,,
Searching & Filtering,"How can I what is the difference between 'all,' 'nearby,' and 'popular' tabs?","'All' shows all listings, 'Nearby' shows local ones, and 'Popular' shows high-view listings.",,,,,,,
Searching & Filtering,"I have a question about what is the difference between 'all,' 'nearby,' and 'popular' tabs.","'All' shows all listings, 'Nearby' shows local ones, and 'Popular' shows high-view listings.",,,,,,,
Searching & Filtering,"What about what is the difference between 'all,' 'nearby,' and 'popular' tabs?","'All' shows all listings, 'Nearby' shows local ones, and 'Popular' shows high-view listings.",,,,,,,
Searching & Filtering,"Can you tell me about what is the difference between 'all,' 'nearby,' and 'popular' tabs?","'All' shows all listings, 'Nearby' shows local ones, and 'Popular' shows high-view listings.",,,,,,,
Searching & Filtering,"I have a question about what is the difference between 'all,' 'nearby,' and 'popular' tabs.","'All' shows all listings, 'Nearby' shows local ones, and 'Popular' shows high-view listings.",,,,,,,
Searching & Filtering,"What about what is the difference between 'all,' 'nearby,' and 'popular' tabs?","'All' shows all listings, 'Nearby' shows local ones, and 'Popular' shows high-view listings.",,,,,,,
Searching & Filtering,How does the 'Recents' tab work?,It displays the most recently posted properties.,,,,,,,
Searching & Filtering,Where can I find how does the 'recents' tab work?,It displays the most recently posted properties.,,,,,,,
Searching & Filtering,I have a question about how does the 'recents' tab work.,It displays the most recently posted properties.,,,,,,,
Searching & Filtering,How can I how does the 'recents' tab work?,It displays the most recently posted properties.,,,,,,,
Searching & Filtering,What about how does the 'recents' tab work?,It displays the most recently posted properties.,,,,,,,
Searching & Filtering,I have a question about how does the 'recents' tab work.,It displays the most recently posted properties.,,,,,,,
Searching & Filtering,I have a question about how does the 'recents' tab work.,It displays the most recently posted properties.,,,,,,,
Searching & Filtering,What about how does the 'recents' tab work?,It displays the most recently posted properties.,,,,,,,
Searching & Filtering,I have a question about how does the 'recents' tab work.,It displays the most recently posted properties.,,,,,,,
Searching & Filtering,Where can I find how does the 'recents' tab work?,It displays the most recently posted properties.,,,,,,,
Searching & Filtering,Can you tell me about how does the 'recents' tab work?,It displays the most recently posted properties.,,,,,,,
Searching & Filtering,What is the filter icon next to the search bar for?,To refine your search results with specific criteria.,,,,,,,
Searching & Filtering,What about what is the filter icon next to the search bar for?,To refine your search results with specific criteria.,,,,,,,
Searching & Filtering,I have a question about what is the filter icon next to the search bar for.,To refine your search results with specific criteria.,,,,,,,
Searching & Filtering,Can you tell me about what is the filter icon next to the search bar for?,To refine your search results with specific criteria.,,,,,,,
Searching & Filtering,What about what is the filter icon next to the search bar for?,To refine your search results with specific criteria.,,,,,,,
Searching & Filtering,How can I what is the filter icon next to the search bar for?,To refine your search results with specific criteria.,,,,,,,
Searching & Filtering,Can you tell me about what is the filter icon next to the search bar for?,To refine your search results with specific criteria.,,,,,,,
Searching & Filtering,What about what is the filter icon next to the search bar for?,To refine your search results with specific criteria.,,,,,,,
Searching & Filtering,Can you tell me about what is the filter icon next to the search bar for?,To refine your search results with specific criteria.,,,,,,,
Searching & Filtering,How can I what is the filter icon next to the search bar for?,To refine your search results with specific criteria.,,,,,,,
Searching & Filtering,What about what is the filter icon next to the search bar for?,To refine your search results with specific criteria.,,,,,,,
Searching & Filtering,How can I filter listings by price range?,Use the 'Price Range' dropdown in the filter menu.,,,,,,,
Searching & Filtering,Can you tell me about how can i filter listings by price range?,Use the 'Price Range' dropdown in the filter menu.,,,,,,,
Searching & Filtering,How can I how can i filter listings by price range?,Use the 'Price Range' dropdown in the filter menu.,,,,,,,
Searching & Filtering,Where can I find how can i filter listings by price range?,Use the 'Price Range' dropdown in the filter menu.,,,,,,,
Searching & Filtering,Where can I find how can i filter listings by price range?,Use the 'Price Range' dropdown in the filter menu.,,,,,,,
Searching & Filtering,What about how can i filter listings by price range?,Use the 'Price Range' dropdown in the filter menu.,,,,,,,
Searching & Filtering,What about how can i filter listings by price range?,Use the 'Price Range' dropdown in the filter menu.,,,,,,,
Searching & Filtering,I have a question about how can i filter listings by price range.,Use the 'Price Range' dropdown in the filter menu.,,,,,,,
Searching & Filtering,Where can I find how can i filter listings by price range?,Use the 'Price Range' dropdown in the filter menu.,,,,,,,
Searching & Filtering,Can you tell me about how can i filter listings by price range?,Use the 'Price Range' dropdown in the filter menu.,,,,,,,
Searching & Filtering,Can you tell me about how can i filter listings by price range?,Use the 'Price Range' dropdown in the filter menu.,,,,,,,
Searching & Filtering,Can I search for a specific room type?,"Yes, use the 'Select Room Type' filter.",,,,,,,
Searching & Filtering,Where can I find can i search for a specific room type?,"Yes, use the 'Select Room Type' filter.",,,,,,,
Searching & Filtering,How can I can i search for a specific room type?,"Yes, use the 'Select Room Type' filter.",,,,,,,
Searching & Filtering,Where can I find can i search for a specific room type?,"Yes, use the 'Select Room Type' filter.",,,,,,,
Searching & Filtering,What about can i search for a specific room type?,"Yes, use the 'Select Room Type' filter.",,,,,,,
Searching & Filtering,How can I can i search for a specific room type?,"Yes, use the 'Select Room Type' filter.",,,,,,,
Searching & Filtering,Can you tell me about can i search for a specific room type?,"Yes, use the 'Select Room Type' filter.",,,,,,,
Searching & Filtering,Where can I find can i search for a specific room type?,"Yes, use the 'Select Room Type' filter.",,,,,,,
Searching & Filtering,Can you tell me about can i search for a specific room type?,"Yes, use the 'Select Room Type' filter.",,,,,,,
Searching & Filtering,How can I can i search for a specific room type?,"Yes, use the 'Select Room Type' filter.",,,,,,,
Searching & Filtering,I have a question about can i search for a specific room type.,"Yes, use the 'Select Room Type' filter.",,,,,,,
Searching & Filtering,Why are there no listings showing up in my area?,Ensure your location or zip code is set correctly and that listings exist there.,,,,,,,
Searching & Filtering,What about why are there no listings showing up in my area?,Ensure your location or zip code is set correctly and that listings exist there.,,,,,,,
Searching & Filtering,Can you tell me about why are there no listings showing up in my area?,Ensure your location or zip code is set correctly and that listings exist there.,,,,,,,
Searching & Filtering,I have a question about why are there no listings showing up in my area.,Ensure your location or zip code is set correctly and that listings exist there.,,,,,,,
Searching & Filtering,How can I why are there no listings showing up in my area?,Ensure your location or zip code is set correctly and that listings exist there.,,,,,,,
Searching & Filtering,I have a question about why are there no listings showing up in my area.,Ensure your location or zip code is set correctly and that listings exist there.,,,,,,,
Searching & Filtering,I have a question about why are there no listings showing up in my area.,Ensure your location or zip code is set correctly and that listings exist there.,,,,,,,
Searching & Filtering,Where can I find why are there no listings showing up in my area?,Ensure your location or zip code is set correctly and that listings exist there.,,,,,,,
Searching & Filtering,I have a question about why are there no listings showing up in my area.,Ensure your location or zip code is set correctly and that listings exist there.,,,,,,,
Searching & Filtering,What about why are there no listings showing up in my area?,Ensure your location or zip code is set correctly and that listings exist there.,,,,,,,
Searching & Filtering,Can you tell me about why are there no listings showing up in my area?,Ensure your location or zip code is set correctly and that listings exist there.,,,,,,,
Searching & Filtering,Can I use my current location to search for rooms?,"Yes, the app provides an option to 'Use My Current Location'.",,,,,,,
Searching & Filtering,Where can I find can i use my current location to search for rooms?,"Yes, the app provides an option to 'Use My Current Location'.",,,,,,,
Searching & Filtering,How can I can i use my current location to search for rooms?,"Yes, the app provides an option to 'Use My Current Location'.",,,,,,,
Searching & Filtering,I have a question about can i use my current location to search for rooms.,"Yes, the app provides an option to 'Use My Current Location'.",,,,,,,
Searching & Filtering,Can you tell me about can i use my current location to search for rooms?,"Yes, the app provides an option to 'Use My Current Location'.",,,,,,,
Searching & Filtering,What about can i use my current location to search for rooms?,"Yes, the app provides an option to 'Use My Current Location'.",,,,,,,
Searching & Filtering,Can you tell me about can i use my current location to search for rooms?,"Yes, the app provides an option to 'Use My Current Location'.",,,,,,,
Searching & Filtering,How can I can i use my current location to search for rooms?,"Yes, the app provides an option to 'Use My Current Location'.",,,,,,,
Searching & Filtering,Where can I find can i use my current location to search for rooms?,"Yes, the app provides an option to 'Use My Current Location'.",,,,,,,
Searching & Filtering,Can you tell me about can i use my current location to search for rooms?,"Yes, the app provides an option to 'Use My Current Location'.",,,,,,,
Searching & Filtering,I have a question about can i use my current location to search for rooms.,"Yes, the app provides an option to 'Use My Current Location'.",,,,,,,
Searching & Filtering,Is it possible to save my favorite listings?,"Yes, this is a common feature in the app, usually in a 'Bookmarks' or 'History' section.",,,,,,,
Searching & Filtering,Can you tell me about is it possible to save my favorite listings?,"Yes, this is a common feature in the app, usually in a 'Bookmarks' or 'History' section.",,,,,,,
Searching & Filtering,How can I is it possible to save my favorite listings?,"Yes, this is a common feature in the app, usually in a 'Bookmarks' or 'History' section.",,,,,,,
Searching & Filtering,I have a question about is it possible to save my favorite listings.,"Yes, this is a common feature in the app, usually in a 'Bookmarks' or 'History' section.",,,,,,,
Searching & Filtering,Where can I find is it possible to save my favorite listings?,"Yes, this is a common feature in the app, usually in a 'Bookmarks' or 'History' section.",,,,,,,
Searching & Filtering,Where can I find is it possible to save my favorite listings?,"Yes, this is a common feature in the app, usually in a 'Bookmarks' or 'History' section.",,,,,,,
Searching & Filtering,Where can I find is it possible to save my favorite listings?,"Yes, this is a common feature in the app, usually in a 'Bookmarks' or 'History' section.",,,,,,,
Searching & Filtering,What about is it possible to save my favorite listings?,"Yes, this is a common feature in the app, usually in a 'Bookmarks' or 'History' section.",,,,,,,
Searching & Filtering,Where can I find is it possible to save my favorite listings?,"Yes, this is a common feature in the app, usually in a 'Bookmarks' or 'History' section.",,,,,,,
Searching & Filtering,Where can I find is it possible to save my favorite listings?,"Yes, this is a common feature in the app, usually in a 'Bookmarks' or 'History' section.",,,,,,,
Searching & Filtering,What about is it possible to save my favorite listings?,"Yes, this is a common feature in the app, usually in a 'Bookmarks' or 'History' section.",,,,,,,
Listing & Posting,How do I list my property for rent?,Click the '+' button at the bottom of the screen.,,,,,,,
Listing & Posting,Where can I find how to list my property for rent?,Click the '+' button at the bottom of the screen.,,,,,,,
Listing & Posting,Where can I find how to list my property for rent?,Click the '+' button at the bottom of the screen.,,,,,,,
Listing & Posting,Where can I find how to list my property for rent?,Click the '+' button at the bottom of the screen.,,,,,,,
Listing & Posting,Where can I find how to list my property for rent?,Click the '+' button at the bottom of the screen.,,,,,,,
Listing & Posting,What about how to list my property for rent?,Click the '+' button at the bottom of the screen.,,,,,,,
Listing & Posting,Can you tell me about how to list my property for rent?,Click the '+' button at the bottom of the screen.,,,,,,,
Listing & Posting,Can you tell me about how to list my property for rent?,Click the '+' button at the bottom of the screen.,,,,,,,
Listing & Posting,What about how to list my property for rent?,Click the '+' button at the bottom of the screen.,,,,,,,
Listing & Posting,What about how to list my property for rent?,Click the '+' button at the bottom of the screen.,,,,,,,
Listing & Posting,I have a question about how to list my property for rent.,Click the '+' button at the bottom of the screen.,,,,,,,
Listing & Posting,What information do I need to provide when creating a post?,"Price, square footage, and property details.",,,,,,,
Listing & Posting,Can you tell me about what information do i need to provide when creating a post?,"Price, square footage, and property details.",,,,,,,
Listing & Posting,What about what information do i need to provide when creating a post?,"Price, square footage, and property details.",,,,,,,
Listing & Posting,How can I what information do i need to provide when creating a post?,"Price, square footage, and property details.",,,,,,,
Listing & Posting,How can I what information do i need to provide when creating a post?,"Price, square footage, and property details.",,,,,,,
Listing & Posting,Can you tell me about what information do i need to provide when creating a post?,"Price, square footage, and property details.",,,,,,,
Listing & Posting,What about what information do i need to provide when creating a post?,"Price, square footage, and property details.",,,,,,,
Listing & Posting,How can I what information do i need to provide when creating a post?,"Price, square footage, and property details.",,,,,,,
Listing & Posting,How can I what information do i need to provide when creating a post?,"Price, square footage, and property details.",,,,,,,
Listing & Posting,Can you tell me about what information do i need to provide when creating a post?,"Price, square footage, and property details.",,,,,,,
Listing & Posting,Where can I find what information do i need to provide when creating a post?,"Price, square footage, and property details.",,,,,,,
Listing & Posting,Can I upload photos of my property?,"Yes, you can upload images to your post.",,,,,,,
Listing & Posting,Can you tell me about can i upload photos of my property?,"Yes, you can upload images to your post.",,,,,,,
Listing & Posting,How can I can i upload photos of my property?,"Yes, you can upload images to your post.",,,,,,,
Listing & Posting,I have a question about can i upload photos of my property.,"Yes, you can upload images to your post.",,,,,,,
Listing & Posting,What about can i upload photos of my property?,"Yes, you can upload images to your post.",,,,,,,
Listing & Posting,What about can i upload photos of my property?,"Yes, you can upload images to your post.",,,,,,,
Listing & Posting,Where can I find can i upload photos of my property?,"Yes, you can upload images to your post.",,,,,,,
Listing & Posting,Where can I find can i upload photos of my property?,"Yes, you can upload images to your post.",,,,,,,
Listing & Posting,I have a question about can i upload photos of my property.,"Yes, you can upload images to your post.",,,,,,,
Listing & Posting,How can I can i upload photos of my property?,"Yes, you can upload images to your post.",,,,,,,
Listing & Posting,How can I can i upload photos of my property?,"Yes, you can upload images to your post.",,,,,,,
Listing & Posting,How do I set the monthly rent and square footage?,You enter these details when creating a post.,,,,,,,
Listing & Posting,I have a question about how to set the monthly rent and square footage.,You enter these details when creating a post.,,,,,,,
Listing & Posting,Where can I find how to set the monthly rent and square footage?,You enter these details when creating a post.,,,,,,,
Listing & Posting,What about how to set the monthly rent and square footage?,You enter these details when creating a post.,,,,,,,
Listing & Posting,How can I how to set the monthly rent and square footage?,You enter these details when creating a post.,,,,,,,
Listing & Posting,Can you tell me about how to set the monthly rent and square footage?,You enter these details when creating a post.,,,,,,,
Listing & Posting,What about how to set the monthly rent and square footage?,You enter these details when creating a post.,,,,,,,
Listing & Posting,I have a question about how to set the monthly rent and square footage.,You enter these details when creating a post.,,,,,,,
Listing & Posting,Can you tell me about how to set the monthly rent and square footage?,You enter these details when creating a post.,,,,,,,
Listing & Posting,I have a question about how to set the monthly rent and square footage.,You enter these details when creating a post.,,,,,,,
Listing & Posting,Where can I find how to set the monthly rent and square footage?,You enter these details when creating a post.,,,,,,,
Listing & Posting,What does the 'Post Deadline' filter mean?,It allows you to filter listings by their expiration date.,,,,,,,
Listing & Posting,I have a question about what does the 'post deadline' filter mean.,It allows you to filter listings by their expiration date.,,,,,,,
Listing & Posting,How can I what does the 'post deadline' filter mean?,It allows you to filter listings by their expiration date.,,,,,,,
Listing & Posting,Can you tell me about what does the 'post deadline' filter mean?,It allows you to filter listings by their expiration date.,,,,,,,
Listing & Posting,I have a question about what does the 'post deadline' filter mean.,It allows you to filter listings by their expiration date.,,,,,,,
Listing & Posting,Can you tell me about what does the 'post deadline' filter mean?,It allows you to filter listings by their expiration date.,,,,,,,
Listing & Posting,I have a question about what does the 'post deadline' filter mean.,It allows you to filter listings by their expiration date.,,,,,,,
Listing & Posting,I have a question about what does the 'post deadline' filter mean.,It allows you to filter listings by their expiration date.,,,,,,,
Listing & Posting,Can you tell me about what does the 'post deadline' filter mean?,It allows you to filter listings by their expiration date.,,,,,,,
Listing & Posting,Where can I find what does the 'post deadline' filter mean?,It allows you to filter listings by their expiration date.,,,,,,,
Listing & Posting,How can I what does the 'post deadline' filter mean?,It allows you to filter listings by their expiration date.,,,,,,,
Listing & Posting,How do I edit a post I've already published?,Go to 'My Offers' and select the post you want to edit.,,,,,,,
Listing & Posting,Can you tell me about how to edit a post i've already published?,Go to 'My Offers' and select the post you want to edit.,,,,,,,
Listing & Posting,I have a question about how to edit a post i've already published.,Go to 'My Offers' and select the post you want to edit.,,,,,,,
Listing & Posting,Where can I find how to edit a post i've already published?,Go to 'My Offers' and select the post you want to edit.,,,,,,,
Listing & Posting,How can I how to edit a post i've already published?,Go to 'My Offers' and select the post you want to edit.,,,,,,,
Listing & Posting,How can I how to edit a post i've already published?,Go to 'My Offers' and select the post you want to edit.,,,,,,,
Listing & Posting,Where can I find how to edit a post i've already published?,Go to 'My Offers' and select the post you want to edit.,,,,,,,
Listing & Posting,Where can I find how to edit a post i've already published?,Go to 'My Offers' and select the post you want to edit.,,,,,,,
Listing & Posting,Can you tell me about how to edit a post i've already published?,Go to 'My Offers' and select the post you want to edit.,,,,,,,
Listing & Posting,How can I how to edit a post i've already published?,Go to 'My Offers' and select the post you want to edit.,,,,,,,
Listing & Posting,How can I how to edit a post i've already published?,Go to 'My Offers' and select the post you want to edit.,,,,,,,
Listing & Posting,What are 'My Offers'?,This section shows all the properties you have listed for rent.,,,,,,,
Listing & Posting,What about what are 'my offers'?,This section shows all the properties you have listed for rent.,,,,,,,
Listing & Posting,Can you tell me about what are 'my offers'?,This section shows all the properties you have listed for rent.,,,,,,,
Listing & Posting,Where can I find what are 'my offers'?,This section shows all the properties you have listed for rent.,,,,,,,
Listing & Posting,I have a question about what are 'my offers'.,This section shows all the properties you have listed for rent.,,,,,,,
Listing & Posting,What about what are 'my offers'?,This section shows all the properties you have listed for rent.,,,,,,,
Listing & Posting,Can you tell me about what are 'my offers'?,This section shows all the properties you have listed for rent.,,,,,,,
Listing & Posting,What about what are 'my offers'?,This section shows all the properties you have listed for rent.,,,,,,,
Listing & Posting,Where can I find what are 'my offers'?,This section shows all the properties you have listed for rent.,,,,,,,
Listing & Posting,How can I what are 'my offers'?,This section shows all the properties you have listed for rent.,,,,,,,
Listing & Posting,What about what are 'my offers'?,This section shows all the properties you have listed for rent.,,,,,,,
Listing & Posting,How can I see how many people have viewed my post?,The view count is displayed under each post in 'My Offers'.,,,,,,,
Listing & Posting,Where can I find how can i see how many people have viewed my post?,The view count is displayed under each post in 'My Offers'.,,,,,,,
Listing & Posting,I have a question about how can i see how many people have viewed my post.,The view count is displayed under each post in 'My Offers'.,,,,,,,
Listing & Posting,How can I how can i see how many people have viewed my post?,The view count is displayed under each post in 'My Offers'.,,,,,,,
Listing & Posting,I have a question about how can i see how many people have viewed my post.,The view count is displayed under each post in 'My Offers'.,,,,,,,
Listing & Posting,I have a question about how can i see how many people have viewed my post.,The view count is displayed under each post in 'My Offers'.,,,,,,,
Listing & Posting,What about how can i see how many people have viewed my post?,The view count is displayed under each post in 'My Offers'.,,,,,,,
Listing & Posting,I have a question about how can i see how many people have viewed my post.,The view count is displayed under each post in 'My Offers'.,,,,,,,
Listing & Posting,How can I how can i see how many people have viewed my post?,The view count is displayed under each post in 'My Offers'.,,,,,,,
Listing & Posting,I have a question about how can i see how many people have viewed my post.,The view count is displayed under each post in 'My Offers'.,,,,,,,
Listing & Posting,What about how can i see how many people have viewed my post?,The view count is displayed under each post in 'My Offers'.,,,,,,,
Listing & Posting,Can I take a post offline without deleting it?,"Yes, you can mark a post as 'Not Active'.",,,,,,,
Listing & Posting,Where can I find can i take a post offline without deleting it?,"Yes, you can mark a post as 'Not Active'.",,,,,,,
Listing & Posting,How can I can i take a post offline without deleting it?,"Yes, you can mark a post as 'Not Active'.",,,,,,,
Listing & Posting,Where can I find can i take a post offline without deleting it?,"Yes, you can mark a post as 'Not Active'.",,,,,,,
Listing & Posting,Can you tell me about can i take a post offline without deleting it?,"Yes, you can mark a post as 'Not Active'.",,,,,,,
Listing & Posting,I have a question about can i take a post offline without deleting it.,"Yes, you can mark a post as 'Not Active'.",,,,,,,
Listing & Posting,How can I can i take a post offline without deleting it?,"Yes, you can mark a post as 'Not Active'.",,,,,,,
Listing & Posting,Where can I find can i take a post offline without deleting it?,"Yes, you can mark a post as 'Not Active'.",,,,,,,
Listing & Posting,Can you tell me about can i take a post offline without deleting it?,"Yes, you can mark a post as 'Not Active'.",,,,,,,
Listing & Posting,What about can i take a post offline without deleting it?,"Yes, you can mark a post as 'Not Active'.",,,,,,,
Listing & Posting,How can I can i take a post offline without deleting it?,"Yes, you can mark a post as 'Not Active'.",,,,,,,
Listing & Posting,What is the 'Not Active' status for?,To temporarily hide a listing from public view.,,,,,,,
Listing & Posting,How can I what is the 'not active' status for?,To temporarily hide a listing from public view.,,,,,,,
Listing & Posting,What about what is the 'not active' status for?,To temporarily hide a listing from public view.,,,,,,,
Listing & Posting,I have a question about what is the 'not active' status for.,To temporarily hide a listing from public view.,,,,,,,
Listing & Posting,Can you tell me about what is the 'not active' status for?,To temporarily hide a listing from public view.,,,,,,,
Listing & Posting,Can you tell me about what is the 'not active' status for?,To temporarily hide a listing from public view.,,,,,,,
Listing & Posting,How can I what is the 'not active' status for?,To temporarily hide a listing from public view.,,,,,,,
Listing & Posting,What about what is the 'not active' status for?,To temporarily hide a listing from public view.,,,,,,,
Listing & Posting,I have a question about what is the 'not active' status for.,To temporarily hide a listing from public view.,,,,,,,
Listing & Posting,Where can I find what is the 'not active' status for?,To temporarily hide a listing from public view.,,,,,,,
Listing & Posting,I have a question about what is the 'not active' status for.,To temporarily hide a listing from public view.,,,,,,,
Listing & Posting,How do I delete a post permanently?,You can delete your post from the 'My Offers' section.,,,,,,,
Listing & Posting,I have a question about how to delete a post permanently.,You can delete your post from the 'My Offers' section.,,,,,,,
Listing & Posting,What about how to delete a post permanently?,You can delete your post from the 'My Offers' section.,,,,,,,
Listing & Posting,Can you tell me about how to delete a post permanently?,You can delete your post from the 'My Offers' section.,,,,,,,
Listing & Posting,How can I how to delete a post permanently?,You can delete your post from the 'My Offers' section.,,,,,,,
Listing & Posting,I have a question about how to delete a post permanently.,You can delete your post from the 'My Offers' section.,,,,,,,
Listing & Posting,How can I how to delete a post permanently?,You can delete your post from the 'My Offers' section.,,,,,,,
Listing & Posting,Where can I find how to delete a post permanently?,You can delete your post from the 'My Offers' section.,,,,,,,
Listing & Posting,I have a question about how to delete a post permanently.,You can delete your post from the 'My Offers' section.,,,,,,,
Listing & Posting,How can I how to delete a post permanently?,You can delete your post from the 'My Offers' section.,,,,,,,
Listing & Posting,I have a question about how to delete a post permanently.,You can delete your post from the 'My Offers' section.,,,,,,,
Chat & Communication,How do I message a property owner or potential tenant?,Click the 'Message' button on a listing to start a chat.,,,,,,,
Chat & Communication,I have a question about how to message a property owner or potential tenant.,Click the 'Message' button on a listing to start a chat.,,,,,,,
Chat & Communication,Can you tell me about how to message a property owner or potential tenant?,Click the 'Message' button on a listing to start a chat.,,,,,,,
Chat & Communication,Where can I find how to message a property owner or potential tenant?,Click the 'Message' button on a listing to start a chat.,,,,,,,
Chat & Communication,What about how to message a property owner or potential tenant?,Click the 'Message' button on a listing to start a chat.,,,,,,,
Chat & Communication,I have a question about how to message a property owner or potential tenant.,Click the 'Message' button on a listing to start a chat.,,,,,,,
Chat & Communication,Where can I find how to message a property owner or potential tenant?,Click the 'Message' button on a listing to start a chat.,,,,,,,
Chat & Communication,Can you tell me about how to message a property owner or potential tenant?,Click the 'Message' button on a listing to start a chat.,,,,,,,
Chat & Communication,Can you tell me about how to message a property owner or potential tenant?,Click the 'Message' button on a listing to start a chat.,,,,,,,
Chat & Communication,What about how to message a property owner or potential tenant?,Click the 'Message' button on a listing to start a chat.,,,,,,,
Chat & Communication,Can you tell me about how to message a property owner or potential tenant?,Click the 'Message' button on a listing to start a chat.,,,,,,,
Chat & Communication,Where can I find all my chats?,All your conversations are located in the 'Chats' tab.,,,,,,,
Chat & Communication,Where can I find where can i find all my chats?,All your conversations are located in the 'Chats' tab.,,,,,,,
Chat & Communication,Can you tell me about where can i find all my chats?,All your conversations are located in the 'Chats' tab.,,,,,,,
Chat & Communication,What about where can i find all my chats?,All your conversations are located in the 'Chats' tab.,,,,,,,
Chat & Communication,I have a question about where can i find all my chats.,All your conversations are located in the 'Chats' tab.,,,,,,,
Chat & Communication,Where can I find where can i find all my chats?,All your conversations are located in the 'Chats' tab.,,,,,,,
Chat & Communication,Can you tell me about where can i find all my chats?,All your conversations are located in the 'Chats' tab.,,,,,,,
Chat & Communication,Where can I find where can i find all my chats?,All your conversations are located in the 'Chats' tab.,,,,,,,
Chat & Communication,How can I where can i find all my chats?,All your conversations are located in the 'Chats' tab.,,,,,,,
Chat & Communication,Where can I find where can i find all my chats?,All your conversations are located in the 'Chats' tab.,,,,,,,
Chat & Communication,What about where can i find all my chats?,All your conversations are located in the 'Chats' tab.,,,,,,,
Chat & Communication,How do I get notifications for new messages?,You will receive push notifications for new chats if enabled.,,,,,,,
Chat & Communication,Can you tell me about how to get notifications for new messages?,You will receive push notifications for new chats if enabled.,,,,,,,
Chat & Communication,Can you tell me about how to get notifications for new messages?,You will receive push notifications for new chats if enabled.,,,,,,,
Chat & Communication,How can I how to get notifications for new messages?,You will receive push notifications for new chats if enabled.,,,,,,,
Chat & Communication,Can you tell me about how to get notifications for new messages?,You will receive push notifications for new chats if enabled.,,,,,,,
Chat & Communication,What about how to get notifications for new messages?,You will receive push notifications for new chats if enabled.,,,,,,,
Chat & Communication,How can I how to get notifications for new messages?,You will receive push notifications for new chats if enabled.,,,,,,,
Chat & Communication,I have a question about how to get notifications for new messages.,You will receive push notifications for new chats if enabled.,,,,,,,
Chat & Communication,How can I how to get notifications for new messages?,You will receive push notifications for new chats if enabled.,,,,,,,
Chat & Communication,Where can I find how to get notifications for new messages?,You will receive push notifications for new chats if enabled.,,,,,,,
Chat & Communication,I have a question about how to get notifications for new messages.,You will receive push notifications for new chats if enabled.,,,,,,,
Chat & Communication,What is the 'Offers' tab for?,It displays your property listings and posts you are interested in.,,,,,,,
Chat & Communication,What about what is the 'offers' tab for?,It displays your property listings and posts you are interested in.,,,,,,,
Chat & Communication,I have a question about what is the 'offers' tab for.,It displays your property listings and posts you are interested in.,,,,,,,
Chat & Communication,How can I what is the 'offers' tab for?,It displays your property listings and posts you are interested in.,,,,,,,
Chat & Communication,What about what is the 'offers' tab for?,It displays your property listings and posts you are interested in.,,,,,,,
Chat & Communication,I have a question about what is the 'offers' tab for.,It displays your property listings and posts you are interested in.,,,,,,,
Chat & Communication,What about what is the 'offers' tab for?,It displays your property listings and posts you are interested in.,,,,,,,
Chat & Communication,Where can I find what is the 'offers' tab for?,It displays your property listings and posts you are interested in.,,,,,,,
Chat & Communication,I have a question about what is the 'offers' tab for.,It displays your property listings and posts you are interested in.,,,,,,,
Chat & Communication,Can you tell me about what is the 'offers' tab for?,It displays your property listings and posts you are interested in.,,,,,,,
Chat & Communication,Where can I find what is the 'offers' tab for?,It displays your property listings and posts you are interested in.,,,,,,,
Listing & Posting,What is the difference between 'My Offers' and 'Rented Posts'?,'My Offers' are your active listings; 'Rented Posts' are those that have been successfully rented.,,,,,,,
Listing & Posting,Can you tell me about what is the difference between 'my offers' and 'rented posts'?,'My Offers' are your active listings; 'Rented Posts' are those that have been successfully rented.,,,,,,,
Listing & Posting,How can I what is the difference between 'my offers' and 'rented posts'?,'My Offers' are your active listings; 'Rented Posts' are those that have been successfully rented.,,,,,,,
Listing & Posting,Can you tell me about what is the difference between 'my offers' and 'rented posts'?,'My Offers' are your active listings; 'Rented Posts' are those that have been successfully rented.,,,,,,,
Listing & Posting,What about what is the difference between 'my offers' and 'rented posts'?,'My Offers' are your active listings; 'Rented Posts' are those that have been successfully rented.,,,,,,,
Listing & Posting,What about what is the difference between 'my offers' and 'rented posts'?,'My Offers' are your active listings; 'Rented Posts' are those that have been successfully rented.,,,,,,,
Listing & Posting,How can I what is the difference between 'my offers' and 'rented posts'?,'My Offers' are your active listings; 'Rented Posts' are those that have been successfully rented.,,,,,,,
Listing & Posting,What about what is the difference between 'my offers' and 'rented posts'?,'My Offers' are your active listings; 'Rented Posts' are those that have been successfully rented.,,,,,,,
Listing & Posting,Can you tell me about what is the difference between 'my offers' and 'rented posts'?,'My Offers' are your active listings; 'Rented Posts' are those that have been successfully rented.,,,,,,,
Listing & Posting,Where can I find what is the difference between 'my offers' and 'rented posts'?,'My Offers' are your active listings; 'Rented Posts' are those that have been successfully rented.,,,,,,,
Listing & Posting,Can you tell me about what is the difference between 'my offers' and 'rented posts'?,'My Offers' are your active listings; 'Rented Posts' are those that have been successfully rented.,,,,,,,
Chat & Communication,Can I see who is interested in my property?,"Yes, you can view messages and chat with potential tenants.",,,,,,,
Chat & Communication,Can you tell me about can i see who is interested in my property?,"Yes, you can view messages and chat with potential tenants.",,,,,,,
Chat & Communication,How can I can i see who is interested in my property?,"Yes, you can view messages and chat with potential tenants.",,,,,,,
Chat & Communication,What about can i see who is interested in my property?,"Yes, you can view messages and chat with potential tenants.",,,,,,,
Chat & Communication,I have a question about can i see who is interested in my property.,"Yes, you can view messages and chat with potential tenants.",,,,,,,
Chat & Communication,How can I can i see who is interested in my property?,"Yes, you can view messages and chat with potential tenants.",,,,,,,
Chat & Communication,I have a question about can i see who is interested in my property.,"Yes, you can view messages and chat with potential tenants.",,,,,,,
Chat & Communication,How can I can i see who is interested in my property?,"Yes, you can view messages and chat with potential tenants.",,,,,,,
Chat & Communication,How can I can i see who is interested in my property?,"Yes, you can view messages and chat with potential tenants.",,,,,,,
Chat & Communication,I have a question about can i see who is interested in my property.,"Yes, you can view messages and chat with potential tenants.",,,,,,,
Chat & Communication,Can you tell me about can i see who is interested in my property?,"Yes, you can view messages and chat with potential tenants.",,,,,,,
App Credits & Monetization,What are App Credits?,Credits used to promote your listings and increase their visibility.,,,,,,,
App Credits & Monetization,Where can I find what are app credits?,Credits used to promote your listings and increase their visibility.,,,,,,,
App Credits & Monetization,What about what are app credits?,Credits used to promote your listings and increase their visibility.,,,,,,,
App Credits & Monetization,Can you tell me about what are app credits?,Credits used to promote your listings and increase their visibility.,,,,,,,
App Credits & Monetization,How can I what are app credits?,Credits used to promote your listings and increase their visibility.,,,,,,,
App Credits & Monetization,How can I what are app credits?,Credits used to promote your listings and increase their visibility.,,,,,,,
App Credits & Monetization,I have a question about what are app credits.,Credits used to promote your listings and increase their visibility.,,,,,,,
App Credits & Monetization,How can I what are app credits?,Credits used to promote your listings and increase their visibility.,,,,,,,
App Credits & Monetization,Can you tell me about what are app credits?,Credits used to promote your listings and increase their visibility.,,,,,,,
App Credits & Monetization,I have a question about what are app credits.,Credits used to promote your listings and increase their visibility.,,,,,,,
App Credits & Monetization,What about what are app credits?,Credits used to promote your listings and increase their visibility.,,,,,,,
App Credits & Monetization,How do I buy more App Credits?,Go to your 'Profile' and click 'Buy More Credits'.,,,,,,,
App Credits & Monetization,How can I how to buy more app credits?,Go to your 'Profile' and click 'Buy More Credits'.,,,,,,,
App Credits & Monetization,What about how to buy more app credits?,Go to your 'Profile' and click 'Buy More Credits'.,,,,,,,
App Credits & Monetization,Where can I find how to buy more app credits?,Go to your 'Profile' and click 'Buy More Credits'.,,,,,,,
App Credits & Monetization,How can I how to buy more app credits?,Go to your 'Profile' and click 'Buy More Credits'.,,,,,,,
App Credits & Monetization,What about how to buy more app credits?,Go to your 'Profile' and click 'Buy More Credits'.,,,,,,,
App Credits & Monetization,I have a question about how to buy more app credits.,Go to your 'Profile' and click 'Buy More Credits'.,,,,,,,
App Credits & Monetization,I have a question about how to buy more app credits.,Go to your 'Profile' and click 'Buy More Credits'.,,,,,,,
App Credits & Monetization,How can I how to buy more app credits?,Go to your 'Profile' and click 'Buy More Credits'.,,,,,,,
App Credits & Monetization,I have a question about how to buy more app credits.,Go to your 'Profile' and click 'Buy More Credits'.,,,,,,,
App Credits & Monetization,I have a question about how to buy more app credits.,Go to your 'Profile' and click 'Buy More Credits'.,,,,,,,
App Credits & Monetization,What is the benefit of using App Credits?,It helps your post get more views and reach a wider audience.,,,,,,,
App Credits & Monetization,How can I what is the benefit of using app credits?,It helps your post get more views and reach a wider audience.,,,,,,,
App Credits & Monetization,What about what is the benefit of using app credits?,It helps your post get more views and reach a wider audience.,,,,,,,
App Credits & Monetization,What about what is the benefit of using app credits?,It helps your post get more views and reach a wider audience.,,,,,,,
App Credits & Monetization,What about what is the benefit of using app credits?,It helps your post get more views and reach a wider audience.,,,,,,,
App Credits & Monetization,Can you tell me about what is the benefit of using app credits?,It helps your post get more views and reach a wider audience.,,,,,,,
App Credits & Monetization,I have a question about what is the benefit of using app credits.,It helps your post get more views and reach a wider audience.,,,,,,,
App Credits & Monetization,Can you tell me about what is the benefit of using app credits?,It helps your post get more views and reach a wider audience.,,,,,,,
App Credits & Monetization,What about what is the benefit of using app credits?,It helps your post get more views and reach a wider audience.,,,,,,,
App Credits & Monetization,Where can I find what is the benefit of using app credits?,It helps your post get more views and reach a wider audience.,,,,,,,
App Credits & Monetization,Can you tell me about what is the benefit of using app credits?,It helps your post get more views and reach a wider audience.,,,,,,,
App Credits & Monetization,How many credits do I get for free?,The screenshot shows 100 App Credits are initially available.,,,,,,,
App Credits & Monetization,I have a question about how many credits do i get for free.,The screenshot shows 100 App Credits are initially available.,,,,,,,
App Credits & Monetization,Where can I find how many credits do i get for free?,The screenshot shows 100 App Credits are initially available.,,,,,,,
App Credits & Monetization,Where can I find how many credits do i get for free?,The screenshot shows 100 App Credits are initially available.,,,,,,,
App Credits & Monetization,How can I how many credits do i get for free?,The screenshot shows 100 App Credits are initially available.,,,,,,,
App Credits & Monetization,How can I how many credits do i get for free?,The screenshot shows 100 App Credits are initially available.,,,,,,,
App Credits & Monetization,I have a question about how many credits do i get for free.,The screenshot shows 100 App Credits are initially available.,,,,,,,
App Credits & Monetization,Where can I find how many credits do i get for free?,The screenshot shows 100 App Credits are initially available.,,,,,,,
App Credits & Monetization,What about how many credits do i get for free?,The screenshot shows 100 App Credits are initially available.,,,,,,,
App Credits & Monetization,I have a question about how many credits do i get for free.,The screenshot shows 100 App Credits are initially available.,,,,,,,
App Credits & Monetization,Can you tell me about how many credits do i get for free?,The screenshot shows 100 App Credits are initially available.,,,,,,,
App Credits & Monetization,Can I get a refund for my credits?,Refund policies are typically found in the app's terms of service.,,,,,,,
App Credits & Monetization,What about can i get a refund for my credits?,Refund policies are typically found in the app's terms of service.,,,,,,,
App Credits & Monetization,How can I can i get a refund for my credits?,Refund policies are typically found in the app's terms of service.,,,,,,,
App Credits & Monetization,I have a question about can i get a refund for my credits.,Refund policies are typically found in the app's terms of service.,,,,,,,
App Credits & Monetization,How can I can i get a refund for my credits?,Refund policies are typically found in the app's terms of service.,,,,,,,
App Credits & Monetization,How can I can i get a refund for my credits?,Refund policies are typically found in the app's terms of service.,,,,,,,
App Credits & Monetization,Can you tell me about can i get a refund for my credits?,Refund policies are typically found in the app's terms of service.,,,,,,,
App Credits & Monetization,Where can I find can i get a refund for my credits?,Refund policies are typically found in the app's terms of service.,,,,,,,
App Credits & Monetization,How can I can i get a refund for my credits?,Refund policies are typically found in the app's terms of service.,,,,,,,
App Credits & Monetization,I have a question about can i get a refund for my credits.,Refund policies are typically found in the app's terms of service.,,,,,,,
App Credits & Monetization,Can you tell me about can i get a refund for my credits?,Refund policies are typically found in the app's terms of service.,,,,,,,
App Credits & Monetization,How do I use credits to promote a listing?,You can apply credits to a specific post to boost its visibility.,,,,,,,
App Credits & Monetization,Where can I find how to use credits to promote a listing?,You can apply credits to a specific post to boost its visibility.,,,,,,,
App Credits & Monetization,What about how to use credits to promote a listing?,You can apply credits to a specific post to boost its visibility.,,,,,,,
App Credits & Monetization,What about how to use credits to promote a listing?,You can apply credits to a specific post to boost its visibility.,,,,,,,
App Credits & Monetization,What about how to use credits to promote a listing?,You can apply credits to a specific post to boost its visibility.,,,,,,,
App Credits & Monetization,I have a question about how to use credits to promote a listing.,You can apply credits to a specific post to boost its visibility.,,,,,,,
App Credits & Monetization,I have a question about how to use credits to promote a listing.,You can apply credits to a specific post to boost its visibility.,,,,,,,
App Credits & Monetization,How can I how to use credits to promote a listing?,You can apply credits to a specific post to boost its visibility.,,,,,,,
App Credits & Monetization,How can I how to use credits to promote a listing?,You can apply credits to a specific post to boost its visibility.,,,,,,,
App Credits & Monetization,Where can I find how to use credits to promote a listing?,You can apply credits to a specific post to boost its visibility.,,,,,,,
App Credits & Monetization,Can you tell me about how to use credits to promote a listing?,You can apply credits to a specific post to boost its visibility.,,,,,,,
Help & Support,Where can I find help and support?,Go to your 'Profile' and select 'Help & Support'.,,,,,,,
Help & Support,Where can I find where can i find help and support?,Go to your 'Profile' and select 'Help & Support'.,,,,,,,
Help & Support,I have a question about where can i find help and support.,Go to your 'Profile' and select 'Help & Support'.,,,,,,,
Help & Support,Where can I find where can i find help and support?,Go to your 'Profile' and select 'Help & Support'.,,,,,,,
Help & Support,I have a question about where can i find help and support.,Go to your 'Profile' and select 'Help & Support'.,,,,,,,
Help & Support,How can I where can i find help and support?,Go to your 'Profile' and select 'Help & Support'.,,,,,,,
Help & Support,What about where can i find help and support?,Go to your 'Profile' and select 'Help & Support'.,,,,,,,
Help & Support,Where can I find where can i find help and support?,Go to your 'Profile' and select 'Help & Support'.,,,,,,,
Help & Support,What about where can i find help and support?,Go to your 'Profile' and select 'Help & Support'.,,,,,,,
Help & Support,What about where can i find help and support?,Go to your 'Profile' and select 'Help & Support'.,,,,,,,
Help & Support,Where can I find where can i find help and support?,Go to your 'Profile' and select 'Help & Support'.,,,,,,,
Help & Support,How can I report a fraudulent or fake listing?,You can typically report listings through the 'Help & Support' section.,,,,,,,
Help & Support,What about how can i report a fraudulent or fake listing?,You can typically report listings through the 'Help & Support' section.,,,,,,,
Help & Support,Can you tell me about how can i report a fraudulent or fake listing?,You can typically report listings through the 'Help & Support' section.,,,,,,,
Help & Support,What about how can i report a fraudulent or fake listing?,You can typically report listings through the 'Help & Support' section.,,,,,,,
Help & Support,How can I how can i report a fraudulent or fake listing?,You can typically report listings through the 'Help & Support' section.,,,,,,,
Help & Support,I have a question about how can i report a fraudulent or fake listing.,You can typically report listings through the 'Help & Support' section.,,,,,,,
Help & Support,I have a question about how can i report a fraudulent or fake listing.,You can typically report listings through the 'Help & Support' section.,,,,,,,
Help & Support,Can you tell me about how can i report a fraudulent or fake listing?,You can typically report listings through the 'Help & Support' section.,,,,,,,
Help & Support,Where can I find how can i report a fraudulent or fake listing?,You can typically report listings through the 'Help & Support' section.,,,,,,,
Help & Support,Where can I find how can i report a fraudulent or fake listing?,You can typically report listings through the 'Help & Support' section.,,,,,,,
Help & Support,I have a question about how can i report a fraudulent or fake listing.,You can typically report listings through the 'Help & Support' section.,,,,,,,
Help & Support,What is the 'Privacy & Security' section?,It contains information and settings related to your data and account protection.,,,,,,,
Help & Support,I have a question about what is the 'privacy & security' section.,It contains information and settings related to your data and account protection.,,,,,,,
Help & Support,Where can I find what is the 'privacy & security' section?,It contains information and settings related to your data and account protection.,,,,,,,
Help & Support,What about what is the 'privacy & security' section?,It contains information and settings related to your data and account protection.,,,,,,,
Help & Support,How can I what is the 'privacy & security' section?,It contains information and settings related to your data and account protection.,,,,,,,
Help & Support,How can I what is the 'privacy & security' section?,It contains information and settings related to your data and account protection.,,,,,,,
Help & Support,What about what is the 'privacy & security' section?,It contains information and settings related to your data and account protection.,,,,,,,
Help & Support,I have a question about what is the 'privacy & security' section.,It contains information and settings related to your data and account protection.,,,,,,,
Help & Support,Can you tell me about what is the 'privacy & security' section?,It contains information and settings related to your data and account protection.,,,,,,,
Help & Support,How can I what is the 'privacy & security' section?,It contains information and settings related to your data and account protection.,,,,,,,
Help & Support,What about what is the 'privacy & security' section?,It contains information and settings related to your data and account protection.,,,,,,,
Help & Support,How can I change my privacy settings?,These settings can be managed in the 'Privacy & Security' section.,,,,,,,
Help & Support,Where can I find how can i change my privacy settings?,These settings can be managed in the 'Privacy & Security' section.,,,,,,,
Help & Support,How can I how can i change my privacy settings?,These settings can be managed in the 'Privacy & Security' section.,,,,,,,
Help & Support,What about how can i change my privacy settings?,These settings can be managed in the 'Privacy & Security' section.,,,,,,,
Help & Support,I have a question about how can i change my privacy settings.,These settings can be managed in the 'Privacy & Security' section.,,,,,,,
Help & Support,I have a question about how can i change my privacy settings.,These settings can be managed in the 'Privacy & Security' section.,,,,,,,
Help & Support,Where can I find how can i change my privacy settings?,These settings can be managed in the 'Privacy & Security' section.,,,,,,,
Help & Support,Where can I find how can i change my privacy settings?,These settings can be managed in the 'Privacy & Security' section.,,,,,,,
Help & Support,I have a question about how can i change my privacy settings.,These settings can be managed in the 'Privacy & Security' section.,,,,,,,
Help & Support,How can I how can i change my privacy settings?,These settings can be managed in the 'Privacy & Security' section.,,,,,,,
Help & Support,Where can I find how can i change my privacy settings?,These settings can be managed in the 'Privacy & Security' section.,,,,,,,
Help & Support,What should I do if the app is not working correctly?,"Check for updates, reinstall the app, or contact support.",,,,,,,
Help & Support,Can you tell me about what should i do if the app is not working correctly?,"Check for updates, reinstall the app, or contact support.",,,,,,,
Help & Support,Can you tell me about what should i do if the app is not working correctly?,"Check for updates, reinstall the app, or contact support.",,,,,,,
Help & Support,What about what should i do if the app is not working correctly?,"Check for updates, reinstall the app, or contact support.",,,,,,,
Help & Support,How can I what should i do if the app is not working correctly?,"Check for updates, reinstall the app, or contact support.",,,,,,,
Help & Support,I have a question about what should i do if the app is not working correctly.,"Check for updates, reinstall the app, or contact support.",,,,,,,
Help & Support,I have a question about what should i do if the app is not working correctly.,"Check for updates, reinstall the app, or contact support.",,,,,,,
Help & Support,How can I what should i do if the app is not working correctly?,"Check for updates, reinstall the app, or contact support.",,,,,,,
Help & Support,Can you tell me about what should i do if the app is not working correctly?,"Check for updates, reinstall the app, or contact support.",,,,,,,
Help & Support,How can I what should i do if the app is not working correctly?,"Check for updates, reinstall the app, or contact support.",,,,,,,
Help & Support,I have a question about what should i do if the app is not working correctly.,"Check for updates, reinstall the app, or contact support.",,,,,,,
Help & Support,"I am unable to connect to the app, what should I check?",Verify your internet connection and check if the app's servers are down.,,,,,,,
Help & Support,"Can you tell me about i am unable to connect to the app, what should i check?",Verify your internet connection and check if the app's servers are down.,,,,,,,
Help & Support,"How can I i am unable to connect to the app, what should i check?",Verify your internet connection and check if the app's servers are down.,,,,,,,
Help & Support,"How can I i am unable to connect to the app, what should i check?",Verify your internet connection and check if the app's servers are down.,,,,,,,
Help & Support,"I have a question about i am unable to connect to the app, what should i check.",Verify your internet connection and check if the app's servers are down.,,,,,,,
Help & Support,"What about i am unable to connect to the app, what should i check?",Verify your internet connection and check if the app's servers are down.,,,,,,,
Help & Support,"Where can I find i am unable to connect to the app, what should i check?",Verify your internet connection and check if the app's servers are down.,,,,,,,
Help & Support,"How can I i am unable to connect to the app, what should i check?",Verify your internet connection and check if the app's servers are down.,,,,,,,
Help & Support,"How can I i am unable to connect to the app, what should i check?",Verify your internet connection and check if the app's servers are down.,,,,,,,
Help & Support,"Where can I find i am unable to connect to the app, what should i check?",Verify your internet connection and check if the app's servers are down.,,,,,,,
Help & Support,"Can you tell me about i am unable to connect to the app, what should i check?",Verify your internet connection and check if the app's servers are down.,,,,,,,
Help & Support,How can I provide feedback on the app?,You can provide feedback via the 'Help & Support' section.,,,,,,,
Help & Support,Where can I find how can i provide feedback on the app?,You can provide feedback via the 'Help & Support' section.,,,,,,,
Help & Support,How can I how can i provide feedback on the app?,You can provide feedback via the 'Help & Support' section.,,,,,,,
Help & Support,Where can I find how can i provide feedback on the app?,You can provide feedback via the 'Help & Support' section.,,,,,,,
Help & Support,How can I how can i provide feedback on the app?,You can provide feedback via the 'Help & Support' section.,,,,,,,
Help & Support,How can I how can i provide feedback on the app?,You can provide feedback via the 'Help & Support' section.,,,,,,,
Help & Support,Where can I find how can i provide feedback on the app?,You can provide feedback via the 'Help & Support' section.,,,,,,,
Help & Support,Can you tell me about how can i provide feedback on the app?,You can provide feedback via the 'Help & Support' section.,,,,,,,
Help & Support,Where can I find how can i provide feedback on the app?,You can provide feedback via the 'Help & Support' section.,,,,,,,
Help & Support,What about how can i provide feedback on the app?,You can provide feedback via the 'Help & Support' section.,,,,,,,
Help & Support,What about how can i provide feedback on the app?,You can provide feedback via the 'Help & Support' section.,,,,,,,
App Credits & Monetization,Is my payment information for App Credits safe?,The app's payment process is secured by standard industry practices.,,,,,,,
App Credits & Monetization,Can you tell me about is my payment information for app credits safe?,The app's payment process is secured by standard industry practices.,,,,,,,
App Credits & Monetization,Where can I find is my payment information for app credits safe?,The app's payment process is secured by standard industry practices.,,,,,,,
App Credits & Monetization,I have a question about is my payment information for app credits safe.,The app's payment process is secured by standard industry practices.,,,,,,,
App Credits & Monetization,How can I is my payment information for app credits safe?,The app's payment process is secured by standard industry practices.,,,,,,,
App Credits & Monetization,I have a question about is my payment information for app credits safe.,The app's payment process is secured by standard industry practices.,,,,,,,
App Credits & Monetization,Can you tell me about is my payment information for app credits safe?,The app's payment process is secured by standard industry practices.,,,,,,,
App Credits & Monetization,What about is my payment information for app credits safe?,The app's payment process is secured by standard industry practices.,,,,,,,
App Credits & Monetization,What about is my payment information for app credits safe?,The app's payment process is secured by standard industry practices.,,,,,,,
App Credits & Monetization,Where can I find is my payment information for app credits safe?,The app's payment process is secured by standard industry practices.,,,,,,,
App Credits & Monetization,How can I is my payment information for app credits safe?,The app's payment process is secured by standard industry practices.,,,,,,,
Account Management,How do I change my location in the app?,You can change your location in your profile settings.,,,,,,,
Account Management,Where can I find how to change my location in the app?,You can change your location in your profile settings.,,,,,,,
Account Management,How can I how to change my location in the app?,You can change your location in your profile settings.,,,,,,,
Account Management,What about how to change my location in the app?,You can change your location in your profile settings.,,,,,,,
Account Management,How can I how to change my location in the app?,You can change your location in your profile settings.,,,,,,,
Account Management,I have a question about how to change my location in the app.,You can change your location in your profile settings.,,,,,,,
Account Management,How can I how to change my location in the app?,You can change your location in your profile settings.,,,,,,,
Account Management,What about how to change my location in the app?,You can change your location in your profile settings.,,,,,,,
Account Management,What about how to change my location in the app?,You can change your location in your profile settings.,,,,,,,
Account Management,I have a question about how to change my location in the app.,You can change your location in your profile settings.,,,,,,,
Account Management,What about how to change my location in the app?,You can change your location in your profile settings.,,,,,,,
